{
  "00 POST /auth/login" : {
    "transaction" : "00 POST /auth/login",
    "sampleCount" : 30,
    "errorCount" : 0,
    "errorPct" : 0.0,
    "meanResTime" : 400.7,
    "medianResTime" : 275.0,
    "minResTime" : 92.0,
    "maxResTime" : 961.0,
    "pct1ResTime" : 892.3000000000002,
    "pct2ResTime" : 958.8,
    "pct3ResTime" : 961.0,
    "throughput" : 1.497454327643007,
    "receivedKBytesPerSec" : 0.4920346348707198,
    "sentKBytesPerSec" : 0.3958602407157832
  },
  "06 GET /wrongbook/summary" : {
    "transaction" : "06 GET /wrongbook/summary",
    "sampleCount" : 330,
    "errorCount" : 0,
    "errorPct" : 0.0,
    "meanResTime" : 1099.9818181818189,
    "medianResTime" : 1141.0,
    "minResTime" : 75.0,
    "maxResTime" : 2059.0,
    "pct1ResTime" : 1334.9,
    "pct2ResTime" : 1426.9,
    "pct3ResTime" : 1901.3199999999995,
    "throughput" : 3.7512362028395723,
    "receivedKBytesPerSec" : 1.5569095568425957,
    "sentKBytesPerSec" : 0.9964221163792613
  },
  "04 GET /quizzes?role=student" : {
    "transaction" : "04 GET /quizzes?role=student",
    "sampleCount" : 341,
    "errorCount" : 0,
    "errorPct" : 0.0,
    "meanResTime" : 1075.3313782991206,
    "medianResTime" : 1127.0,
    "minResTime" : 86.0,
    "maxResTime" : 1862.0,
    "pct1ResTime" : 1309.8,
    "pct2ResTime" : 1425.6999999999994,
    "pct3ResTime" : 1677.0999999999992,
    "throughput" : 3.848150405127858,
    "receivedKBytesPerSec" : 0.7628657541415578,
    "sentKBytesPerSec" : 1.0334388295021102
  },
  "03 GET /chats?role=student" : {
    "transaction" : "03 GET /chats?role=student",
    "sampleCount" : 342,
    "errorCount" : 0,
    "errorPct" : 0.0,
    "meanResTime" : 1064.0935672514615,
    "medianResTime" : 1139.5,
    "minResTime" : 74.0,
    "maxResTime" : 2036.0,
    "pct1ResTime" : 1350.5,
    "pct2ResTime" : 1464.4999999999995,
    "pct3ResTime" : 1781.9699999999998,
    "throughput" : 3.8531737984181706,
    "receivedKBytesPerSec" : 0.7563358725410667,
    "sentKBytesPerSec" : 1.0272621552423444
  },
  "05 GET /flashcards" : {
    "transaction" : "05 GET /flashcards",
    "sampleCount" : 334,
    "errorCount" : 0,
    "errorPct" : 0.0,
    "meanResTime" : 1129.0000000000005,
    "medianResTime" : 1167.0,
    "minResTime" : 123.0,
    "maxResTime" : 2078.0,
    "pct1ResTime" : 1432.0,
    "pct2ResTime" : 1517.5,
    "pct3ResTime" : 2016.85,
    "throughput" : 3.780718336483932,
    "receivedKBytesPerSec" : 1.4916336396205698,
    "sentKBytesPerSec" : 0.9784085538752363
  },
  "Total" : {
    "transaction" : "Total",
    "sampleCount" : 2079,
    "errorCount" : 0,
    "errorPct" : 0.0,
    "meanResTime" : 961.9028379028384,
    "medianResTime" : 1061.0,
    "minResTime" : 38.0,
    "maxResTime" : 2078.0,
    "pct1ResTime" : 1303.0,
    "pct2ResTime" : 1396.0,
    "pct3ResTime" : 1667.5999999999995,
    "throughput" : 23.100770025667522,
    "receivedKBytesPerSec" : 6.438137781676056,
    "sentKBytesPerSec" : 6.090285474793604
  },
  "01 GET /auth/me" : {
    "transaction" : "01 GET /auth/me",
    "sampleCount" : 356,
    "errorCount" : 0,
    "errorPct" : 0.0,
    "meanResTime" : 572.4522471910113,
    "medianResTime" : 575.0,
    "minResTime" : 38.0,
    "maxResTime" : 1208.0,
    "pct1ResTime" : 889.3,
    "pct2ResTime" : 972.0499999999998,
    "pct3ResTime" : 1184.01,
    "throughput" : 3.981969285147031,
    "receivedKBytesPerSec" : 1.098060712448128,
    "sentKBytesPerSec" : 1.018824172566916
  },
  "02 GET /files?role=student" : {
    "transaction" : "02 GET /files?role=student",
    "sampleCount" : 346,
    "errorCount" : 0,
    "errorPct" : 0.0,
    "meanResTime" : 905.4739884393058,
    "medianResTime" : 1018.0,
    "minResTime" : 82.0,
    "maxResTime" : 1388.0,
    "pct1ResTime" : 1195.9,
    "pct2ResTime" : 1255.65,
    "pct3ResTime" : 1338.8899999999996,
    "throughput" : 3.884279892677122,
    "receivedKBytesPerSec" : 0.762441658621193,
    "sentKBytesPerSec" : 1.035555088575053
  }
}